Change,Close,Date,Momentum
0.0,185.52999877929688,2014-01-02,0
0.005982863243975974,186.63999938964844,2014-01-03,1
0.0034290580354766845,186.0,2014-01-06,0
0.019946272655199934,189.7100067138672,2014-01-07,1
0.00917192257437664,187.97000122070312,2014-01-08,0
0.0031387792416827545,187.3800048828125,2014-01-09,0
0.0006404652196032795,187.25999450683597,2014-01-10,0
0.016554474717841695,184.16000366210938,2014-01-13,0
0.009556877019100829,185.9199981689453,2014-01-14,1
0.009789196117380227,187.7400054931641,2014-01-15,1
0.005432987023690134,188.75999450683597,2014-01-16,1
0.007045994224197188,190.08999633789062,2014-01-17,1
0.00873272499389536,188.42999267578125,2014-01-21,0
0.032797287671791964,182.25,2014-01-22,0
0.0026337214131085546,182.72999572753903,2014-01-23,1
0.016910175724504255,179.63999938964844,2014-01-24,0
0.009686069355800324,177.89999389648438,2014-01-27,0
0.005902123827950843,176.85000610351562,2014-01-28,0
0.002544598199040176,176.39999389648438,2014-01-29,0
0.00544221511952286,177.36000061035156,2014-01-30,1
0.003834054647215783,176.67999267578125,2014-01-31,0
0.02139460570520516,172.89999389648438,2014-02-03,0
0.0003470072915657283,172.83999633789062,2014-02-04,0
0.008100029998476239,174.24000549316406,2014-02-05,1
0.0024678183093728144,174.6699981689453,2014-02-06,1
0.014770721120402392,177.25,2014-02-07,1
0.0006205958270892102,177.13999938964844,2014-02-10,0
0.014451832264956804,179.6999969482422,2014-02-11,1
0.0030050559493189004,180.2400054931641,2014-02-12,1
0.008877001753016572,181.83999633789062,2014-02-13,1
0.010173812916702819,183.69000244140625,2014-02-14,1
0.002721977208092699,183.19000244140625,2014-02-18,0
0.001310145149655909,182.9499969482422,2014-02-19,0
0.007160413120774119,184.25999450683597,2014-02-20,1
0.007977864238179042,182.7899932861328,2014-02-21,0
0.003610720971340205,183.4499969482422,2014-02-24,1
0.0011992435233739668,183.22999572753903,2014-02-25,0
0.004529836000699858,184.05999755859372,2014-02-26,1
0.006573979843078035,185.2700042724609,2014-02-27,1
0.0005397857246687708,185.1699981689453,2014-02-28,0
0.004914422806652933,184.25999450683597,2014-03-03,0
0.011831151631177362,186.44000244140625,2014-03-04,1
0.0037545426897437435,187.13999938964844,2014-03-05,1
0.0026717965246913283,187.63999938964844,2014-03-06,1
0.00021313838340919765,187.67999267578125,2014-03-07,1
0.0068733660298105756,186.38999938964844,2014-03-10,0
0.0019850588464998776,186.75999450683597,2014-03-11,1
0.002891375573011572,186.22000122070312,2014-03-12,0
0.01245842180759686,183.8999938964844,2014-03-13,0
0.009189707660178032,182.2100067138672,2014-03-14,0
0.019757371780243477,185.80999755859372,2014-03-17,1
0.005381841736931609,186.80999755859372,2014-03-18,1
0.011241319373540826,184.7100067138672,2014-03-19,0
0.017270245610238107,187.8999938964844,2014-03-20,1
0.006546012599748701,186.6699981689453,2014-03-21,0
0.008464144461097117,188.25,2014-03-24,1
0.03606902144028055,195.0399932861328,2014-03-25,1
0.012407702277732658,192.6199951171875,2014-03-26,0
0.014484442720681293,189.8300018310547,2014-03-27,0
0.003266054423469292,190.4499969482422,2014-03-28,1
0.010711517866163622,192.4900054931641,2014-03-31,1
0.010442072052968434,194.5,2014-04-01,1
0.004884303075795309,193.5500030517578,2014-04-02,0
0.004443299389262149,192.69000244140625,2014-04-03,0
0.004774498714457677,191.7700042724609,2014-04-04,0
0.014340094585871129,194.5200042724609,2014-04-07,1
0.006323313588895674,193.2899932861328,2014-04-08,0
0.01733150302590426,196.63999938964844,2014-04-09,1
0.004882052058823004,195.67999267578125,2014-04-10,0
0.0025040384950691216,195.19000244140625,2014-04-11,0
0.013217899476327663,197.7700042724609,2014-04-14,1
0.0037922838842979994,197.0200042724609,2014-04-15,0
0.003146941237089241,196.3999938964844,2014-04-16,0
0.03253563945127404,190.00999450683597,2014-04-17,0
0.011894162575451447,192.2700042724609,2014-04-21,1
0.0006241762797614651,192.1499938964844,2014-04-22,0
0.0021857828898585964,191.72999572753903,2014-04-23,0
0.007875630003047154,190.22000122070312,2014-04-24,0
0.003101652476629314,189.6300048828125,2014-04-25,0
0.01850970002877468,193.13999938964844,2014-04-28,1
0.010199861379976466,195.1100006103516,2014-04-29,1
0.006970430045088007,196.47000122070312,2014-04-30,1
0.014964128992413554,193.52999877929688,2014-05-01,0
0.01079934041788567,191.44000244140625,2014-05-02,0
0.0009402838083716533,191.25999450683597,2014-05-05,0
0.0064310141318922225,190.02999877929688,2014-05-06,0
0.0038414762523199734,189.3000030517578,2014-05-07,0
0.002060218612578707,188.91000366210938,2014-05-08,0
0.006193415627888132,190.0800018310547,2014-05-09,1
0.013099776247778071,192.57000732421875,2014-05-12,1
0.001973333688317871,192.19000244140625,2014-05-13,0
0.018055055812598985,188.72000122070312,2014-05-14,0
0.011975384125781838,186.4600067138672,2014-05-15,0
0.0032177991157495344,187.05999755859372,2014-05-16,1
0.00032073965239376337,187.0,2014-05-19,0
0.011283425723805147,184.88999938964844,2014-05-20,0
0.008112932040411816,186.38999938964844,2014-05-21,1
0.003809253265691138,185.67999267578125,2014-05-22,0
0.001400311158343307,185.94000244140625,2014-05-23,1
0.006238591195430996,184.77999877929688,2014-05-27,0
0.009200113429336479,183.0800018310547,2014-05-28,0
0.0037141832476535164,183.75999450683597,2014-05-29,1
0.003265161740594765,184.3600006103516,2014-05-30,1
0.0072141561436943336,185.69000244140625,2014-06-02,1
0.007108661246505574,184.3699951171875,2014-06-03,0
0.000759339335879902,184.50999450683597,2014-06-04,1
0.007967054709595179,185.97999572753903,2014-06-05,1
0.0020969964437455714,186.3699951171875,2014-06-06,1
0.0008048178377107345,186.22000122070312,2014-06-09,0
0.010364128030924654,184.2899932861328,2014-06-10,0
0.011069473983676763,182.25,2014-06-11,0
0.005651570805469822,181.22000122070312,2014-06-12,0
0.00739430707904394,182.55999755859372,2014-06-13,1
0.0011502599577474632,182.3500061035156,2014-06-16,0
0.0004936199268813475,182.25999450683597,2014-06-17,0
0.007352198162331072,183.6000061035156,2014-06-18,1
0.004248359223131371,182.82000732421875,2014-06-19,0
0.006946746644685732,181.5500030517578,2014-06-20,0
0.003249773219350615,182.13999938964844,2014-06-23,1
0.006917725436796871,180.8800048828125,2014-06-24,0
0.0008845845742487527,180.72000122070312,2014-06-25,0
0.0019367314140739868,180.3699951171875,2014-06-26,0
0.007429237860815341,181.7100067138672,2014-06-27,1
0.0024214541035108535,181.2700042724609,2014-06-30,0
0.028024503289684408,186.3500061035156,2014-07-01,1
0.01094710608702446,188.38999938964844,2014-07-02,1
0.0007431359950210293,188.52999877929688,2014-07-03,1
0.0025990850068252996,188.0399932861328,2014-07-07,0
0.004360732262853993,187.22000122070312,2014-07-08,0
0.006409555284788075,188.4199981689453,2014-07-09,1
0.0038212569138098684,187.6999969482422,2014-07-10,0
0.0015983114365235584,188.0,2014-07-11,1
0.009893620267827611,189.8600006103516,2014-07-14,1
0.007215817511762953,188.4900054931641,2014-07-15,0
0.020531566684727227,192.3600006103516,2014-07-16,1
0.0006758415595757904,192.4900054931641,2014-07-17,1
5.192221180680476e-05,192.5,2014-07-18,1
0.008571396864854045,190.8500061035156,2014-07-21,0
0.016976631547067817,194.08999633789062,2014-07-22,1
0.002369990539220411,193.6300048828125,2014-07-23,0
0.008314830190320891,195.2400054931641,2014-07-24,1
0.0043024563257815455,194.3999938964844,2014-07-25,0
0.007098790772325369,195.77999877929688,2014-07-28,1
0.006180362971817926,194.57000732421875,2014-07-29,0
0.0029295744604096513,194.0,2014-07-30,0
0.01201031871677674,191.6699981689453,2014-07-31,0
0.013147619849402202,189.1499938964844,2014-08-01,0
0.0025905657360591723,189.63999938964844,2014-08-04,1
0.01339376341651416,187.1000061035156,2014-08-05,0
0.006039576942543129,185.97000122070312,2014-08-06,0
0.008979933096647201,184.3000030517578,2014-08-07,0
0.012642440545160179,186.6300048828125,2014-08-08,1
0.004500864362180508,187.47000122070312,2014-08-11,1
0.0006934703257373372,187.33999633789062,2014-08-12,0
0.0032561152037782243,187.9499969482422,2014-08-13,1
0.0003723972682423718,187.8800048828125,2014-08-14,0
0.0026612730839126173,187.3800048828125,2014-08-15,0
0.010566739651743422,189.3600006103516,2014-08-18,1
0.0037495073488521403,190.07000732421875,2014-08-19,1
0.00015783015805158085,190.1000061035156,2014-08-20,1
0.005944185101225729,191.22999572753903,2014-08-21,1
0.004287988724310639,190.41000366210938,2014-08-22,0
0.003938868681137714,191.16000366210938,2014-08-25,1
0.009573141849742747,192.9900054931641,2014-08-26,1
0.0038344239188609314,192.25,2014-08-27,0
0.0013003901170351106,192.0,2014-08-28,0
0.0015625158945719402,192.3000030517578,2014-08-29,1
0.003848182430683152,191.55999755859372,2014-09-02,0
0.0020359124797397965,191.9499969482422,2014-09-03,1
0.006616328693161606,190.67999267578125,2014-09-04,0
0.002727104533432178,191.1999969482422,2014-09-05,1
0.005543920374019102,190.13999938964844,2014-09-08,0
0.0007888602974956805,189.9900054931641,2014-09-09,0
0.008158259635528516,191.5399932861328,2014-09-10,1
0.0009397929460162761,191.72000122070312,2014-09-11,1
0.0022950262810593797,191.27999877929688,2014-09-12,0
0.002770800829564888,191.80999755859372,2014-09-15,1
0.005995564203696752,192.9600067138672,2014-09-16,1
0.0008292063460934583,192.8000030517578,2014-09-17,0
0.0049273699855033595,193.75,2014-09-18,1
0.0012903225806451613,194.0,2014-09-19,1
0.00458762571983716,193.1100006103516,2014-09-22,0
0.007715838063563341,191.6199951171875,2014-09-23,0
0.0036008895678357696,192.30999755859372,2014-09-24,1
0.017159810169267452,189.00999450683597,2014-09-25,0
0.005555277933833176,190.05999755859372,2014-09-26,1
0.00220981886951673,189.63999938964844,2014-09-29,0
0.0010019112108087327,189.8300018310547,2014-09-30,1
0.014012556689941618,187.1699981689453,2014-10-01,0
0.0013890821679725539,186.91000366210938,2014-10-02,0
0.00941626703949782,188.6699981689453,2014-10-03,1
0.001961070232566528,189.0399932861328,2014-10-06,1
0.017615249103534004,185.7100067138672,2014-10-07,0
0.019654266138216955,189.3600006103516,2014-10-08,1
0.015525995098911928,186.4199981689453,2014-10-09,0
0.0026285028321907248,185.92999267578125,2014-10-10,0
0.01296180550882289,183.5200042724609,2014-10-13,0
0.0015257125805272235,183.8000030517578,2014-10-14,1
0.011153444057237227,181.75,2014-10-15,0
0.010508961001977304,179.83999633789062,2014-10-16,0
0.012288738650299669,182.0500030517578,2014-10-17,1
0.07113428580696278,169.10000610351562,2014-10-20,0
0.03471324757009884,163.22999572753906,2014-10-21,0
0.00882192292530522,161.7899932861328,2014-10-22,0
0.0024105284988714115,162.17999267578125,2014-10-23,1
0.0006165424173279938,162.0800018310547,2014-10-24,0
0.0012956978744736785,161.8699951171875,2014-10-27,0
0.01068765699953018,163.60000610351562,2014-10-28,1
0.0008557419585904834,163.4600067138672,2014-10-29,0
0.005444753169540486,164.35000610351562,2014-10-30,1
0.0003041544941426121,164.39999389648438,2014-10-31,1
0.00024326817285646955,164.36000061035156,2014-11-03,0
0.010404032048655818,162.64999389648438,2014-11-04,0
0.005102899498378431,161.82000732421875,2014-11-05,0
0.0022246977756605448,161.4600067138672,2014-11-06,0
0.0037780291402599816,162.07000732421875,2014-11-07,1
0.008761634508380236,163.49000549316406,2014-11-10,1
0.0011621654842637736,163.3000030517578,2014-11-11,0
0.00845073396829704,161.9199981689453,2014-11-12,0
0.005372993620465324,162.7899932861328,2014-11-13,1
0.008415814438719964,164.16000366210938,2014-11-14,1
0.0,164.16000366210938,2014-11-17,0
0.013827998427273969,161.88999938964844,2014-11-18,0
0.0028414770251497154,161.42999267578125,2014-11-19,0
0.004893720634178857,160.63999938964844,2014-11-20,0
0.0017430202960702823,160.9199981689453,2014-11-21,1
0.007643523126614289,162.14999389648438,2014-11-24,1
0.0024051767149458596,161.75999450683594,2014-11-25,0
0.0011745947567908736,161.9499969482422,2014-11-26,1
0.0013584515273157769,162.1699981689453,2014-11-28,1
0.0038848423871607504,161.5399932861328,2014-12-01,0
0.006995201991936097,162.6699981689453,2014-12-02,1
0.011372755421034992,164.52000427246094,2014-12-03,1
0.002856802871976333,164.0500030517578,2014-12-04,0
0.004754640443687071,163.27000427246094,2014-12-05,0
0.008636023918737674,161.86000061035156,2014-12-08,0
0.006981372040970027,162.99000549316406,2014-12-09,1
0.015215724294408584,160.50999450683594,2014-12-10,0
0.0034889591710687037,161.07000732421875,2014-12-11,1
0.03532626921629681,155.3800048828125,2014-12-12,0
0.01493118323666226,153.05999755859375,2014-12-15,0
0.010780046536017562,151.41000366210938,2014-12-16,0
0.003434310818935692,151.92999267578125,2014-12-17,1
0.03784637844530478,157.67999267578125,2014-12-18,1
0.0052638373262822395,158.50999450683594,2014-12-19,1
0.018484688890983165,161.44000244140625,2014-12-22,1
0.004955420215929253,162.24000549316406,2014-12-23,1
0.002588746022712684,161.82000732421875,2014-12-24,0
0.00321337900220235,162.33999633789062,2014-12-26,1
0.011272649207443402,160.50999450683594,2014-12-29,0
0.0028658119171422343,160.0500030517578,2014-12-30,0
0.002436734659244695,160.44000244140625,2014-12-31,1
0.010097202022788132,162.05999755859375,2015-01-02,1
0.015734932063267766,159.50999450683594,2015-01-05,0
0.021565966403877996,156.07000732421875,2015-01-06,0
0.0065355559979054,155.0500030517578,2015-01-07,0
0.02173489229834165,158.4199981689453,2015-01-08,1
0.004355526129159554,159.11000061035156,2015-01-09,1
0.016780831869166648,156.44000244140625,2015-01-12,0
0.002365092760248963,156.80999755859375,2015-01-13,1
0.006440880827502992,155.8000030517578,2015-01-14,0
0.007894709264738908,154.57000732421875,2015-01-15,0
0.016626718921213438,157.13999938964844,2015-01-16,1
0.0012091284341621703,156.9499969482422,2015-01-20,0
0.030965280056388007,152.08999633789062,2015-01-21,0
0.021697699593774485,155.38999938964844,2015-01-22,1
0.003088974383322111,155.8699951171875,2015-01-23,1
0.0031436806859181745,156.36000061035156,2015-01-26,1
0.01720390400937465,153.6699981689453,2015-01-27,0
0.013795764576353871,151.5500030517578,2015-01-28,0
0.025931986780884902,155.47999572753906,2015-01-29,1
0.013956767613680582,153.30999755859375,2015-01-30,0
0.008805727773882877,154.66000366210938,2015-02-02,1
0.024634666160473995,158.47000122070312,2015-02-03,1
0.00952858266677836,156.9600067138672,2015-02-04,0
0.006052477749787562,157.91000366210938,2015-02-05,1
0.0075359534786192395,156.72000122070312,2015-02-06,0
0.0061893900787883946,155.75,2015-02-09,0
0.018041717872191013,158.55999755859375,2015-02-10,1
0.0022704377894464146,158.1999969482422,2015-02-11,0
0.0020228023412885766,158.52000427246094,2015-02-12,1
0.011859636470815064,160.39999389648438,2015-02-13,1
0.003491351862171653,160.9600067138672,2015-02-17,1
0.007641623237041619,162.19000244140625,2015-02-18,1
0.01048151502961065,163.88999938964844,2015-02-19,1
0.0014644303743845254,163.64999389648438,2015-02-20,0
0.004521785896570675,162.91000366210938,2015-02-23,0
0.011785637012982755,164.8300018310547,2015-02-24,1
0.012255076442523948,162.80999755859375,2015-02-25,0
0.011915745166128769,160.8699951171875,2015-02-26,0
0.006651379105465202,161.94000244140625,2015-02-27,1
0.009015726144597612,160.47999572753906,2015-03-02,0
0.003427237452645505,161.02999877929688,2015-03-03,1
0.009998140859195953,159.4199981689453,2015-03-04,0
0.01103998574238336,161.17999267578125,2015-03-05,1
0.016627328437544612,158.5,2015-03-06,0
0.014321793517103706,160.77000427246094,2015-03-09,1
0.01841143643220156,157.80999755859375,2015-03-10,0
0.006400066678037515,156.8000030517578,2015-03-11,0
0.0075254633470367245,157.97999572753906,2015-03-12,1
0.023420667478833236,154.27999877929688,2015-03-13,0
0.018148840250921432,157.0800018310547,2015-03-16,1
0.000763910846630618,156.9600067138672,2015-03-17,0
0.018157433249362687,159.80999755859375,2015-03-18,1
0.0,159.80999755859375,2015-03-19,0
0.01921035837005844,162.8800048828125,2015-03-20,1
0.01074410576828675,164.6300048828125,2015-03-23,1
0.009901019464664268,163.0,2015-03-24,0
0.02331290215802339,159.1999969482422,2015-03-25,0
0.008731152112398236,160.58999633789062,2015-03-26,1
0.00118315241135241,160.39999389648438,2015-03-27,0
0.014152146875553535,162.6699981689453,2015-03-30,1
0.013339879469916773,160.5,2015-03-31,0
0.008224344699182243,159.17999267578125,2015-04-01,0
0.007978416452422445,160.4499969482422,2015-04-02,1
0.009909606532454622,162.0399932861328,2015-04-06,1
0.00018522611287040866,162.07000732421875,2015-04-07,1
0.0013574456146165014,161.85000610351562,2015-04-08,0
0.0030274341420884056,162.33999633789062,2015-04-09,1
0.003203180264822804,162.86000061035156,2015-04-10,1
0.0029472904687472623,162.3800048828125,2015-04-13,0
0.000492682772810752,162.3000030517578,2015-04-14,0
0.011275426966388263,164.1300048828125,2015-04-15,1
0.00609273119021712,163.1300048828125,2015-04-16,0
0.01508003825313669,160.6699981689453,2015-04-17,0
0.03416945015080721,166.16000366210938,2015-04-20,1
0.011434816522616085,164.25999450683594,2015-04-21,0
0.0066967377347005,165.36000061035156,2015-04-22,1
0.029511398553460157,170.24000549316406,2015-04-23,1
0.00270210701964327,169.77999877929688,2015-04-24,0
0.005595458564451533,170.72999572753906,2015-04-27,1
0.018684487326392503,173.9199981689453,2015-04-28,1
0.0027598650678043145,174.39999389648438,2015-04-29,1
0.017832572931152237,171.2899932861328,2015-04-30,0
0.013894593823918253,173.6699981689453,2015-05-01,1
0.0017274316515278074,173.97000122070312,2015-05-04,1
0.0051158210231852545,173.0800018310547,2015-05-05,0
0.017506348204540063,170.0500030517578,2015-05-06,0
0.005527800203097575,170.99000549316406,2015-05-07,1
0.009883543647729462,172.67999267578125,2015-05-08,1
0.009034037669452271,171.1199951171875,2015-05-11,0
0.003330949519016418,170.5500030517578,2015-05-12,0
0.010143627655134374,172.27999877929688,2015-05-13,1
0.010273997475054785,174.0500030517578,2015-05-14,1
0.004538974611146359,173.25999450683594,2015-05-15,0
0.0011543169489959591,173.05999755859375,2015-05-18,0
0.002426893417718394,173.47999572753906,2015-05-19,1
0.001614011910264456,173.75999450683594,2015-05-20,1
0.002417116610399002,173.33999633789062,2015-05-21,0
0.0064612619179032415,172.22000122070312,2015-05-22,0
0.012135619109723824,170.1300048828125,2015-05-26,0
0.010991565646962593,172.0,2015-05-27,1
0.0016860074775163518,171.7100067138672,2015-05-28,0
0.01199704581466566,169.64999389648438,2015-05-29,0
0.003124071903122291,170.17999267578125,2015-06-01,1
0.003114342473304739,169.64999389648438,2015-06-02,0
0.0015915371775709374,169.9199981689453,2015-06-03,1
0.009063049097974053,168.3800048828125,2015-06-04,0
0.005820233744560013,167.39999389648438,2015-06-05,0
0.012305840105750521,165.33999633789062,2015-06-08,0
0.0020563465913946482,165.67999267578125,2015-06-09,1
0.019555804179110636,168.9199981689453,2015-06-10,1
0.0008287910914397307,168.77999877929688,2015-06-11,0
0.010605482279173822,166.99000549316406,2015-06-12,0
0.00437158489918134,166.25999450683594,2015-06-15,0
0.003488523097664605,166.83999633789062,2015-06-16,1
0.0019779539576730474,167.1699981689453,2015-06-17,1
0.0064605003462595975,168.25,2015-06-18,1
0.00748882322042162,166.99000549316406,2015-06-19,0
0.004431344451960584,167.72999572753906,2015-06-22,1
0.005306143279787321,168.6199951171875,2015-06-23,1
0.009785280181853062,166.97000122070312,2015-06-24,0
0.005330295161656163,166.0800018310547,2015-06-25,0
0.00373311121358363,165.4600067138672,2015-06-26,0
0.015048987018778933,162.97000122070312,2015-06-29,0
0.0019021755922670326,162.66000366210938,2015-06-30,0
0.011250472088123867,164.49000549316406,2015-07-01,1
0.003647582373942453,165.08999633789062,2015-07-02,1
0.0021806324934113344,164.72999572753906,2015-07-06,0
0.001639071689818535,165.0,2015-07-07,1
0.01115149295691288,163.16000366210938,2015-07-08,0
0.004228992558955729,163.85000610351562,2015-07-09,1
0.01891968708727468,166.9499969482422,2015-07-10,1
0.014555303857379904,169.3800048828125,2015-07-13,1
0.004546016355316991,168.61000061035156,2015-07-14,0
0.00047447856452813455,168.52999877929688,2015-07-15,0
0.014656151656048983,171.0,2015-07-16,1
0.0088303772329587,172.50999450683594,2015-07-17,1
0.004115742487250804,173.22000122070312,2015-07-20,1
0.058595969431682784,163.07000732421875,2015-07-21,0
0.016679960130836134,160.35000610351562,2015-07-22,0
0.008606108958502756,161.72999572753906,2015-07-23,1
0.012242600506060068,159.75,2015-07-24,0
0.004256605169209703,159.07000732421875,2015-07-27,0
0.006160782563752709,160.0500030517578,2015-07-28,1
0.006497927312106917,161.08999633789062,2015-07-29,1
0.0008069379041438473,160.9600067138672,2015-07-30,0
0.006399097516986731,161.99000549316406,2015-07-31,1
0.020248155244585692,158.7100067138672,2015-08-03,0
0.006993891773646916,157.60000610351562,2015-08-04,0
0.0019034757699927405,157.89999389648438,2015-08-05,1
0.010006248469530835,156.32000732421875,2015-08-06,0
0.0076766386310508535,155.1199951171875,2015-08-07,0
0.010508025619657161,156.75,2015-08-10,1
0.007910720849531499,155.50999450683594,2015-08-11,0
0.004179854531760428,156.16000366210938,2015-08-12,1
0.006979996877107537,155.07000732421875,2015-08-13,0
0.004385068960237607,155.75,2015-08-14,1
0.0035954899428170145,156.30999755859375,2015-08-17,1
0.0019192825567370029,156.00999450683594,2015-08-18,0
0.01326832983984873,153.94000244140625,2015-08-19,0
0.008314919832381303,152.66000366210938,2015-08-20,0
0.024957405130335404,148.85000610351562,2015-08-21,0
0.03614380021638059,143.47000122070312,2015-08-24,0
0.017494908242000756,140.9600067138672,2015-08-25,0
0.04072070063125443,146.6999969482422,2015-08-26,1
0.012542579251312469,148.5399932861328,2015-08-27,1
0.0037700120095941155,147.97999572753906,2015-08-28,0
0.000608165566218331,147.88999938964844,2015-08-31,0
0.03522893187753885,142.67999267578125,2015-09-01,0
0.016610670715144018,145.0500030517578,2015-09-02,1
0.011926892045095323,146.77999877929688,2015-09-03,1
0.020983797906183915,143.6999969482422,2015-09-04,0
0.024565058136837042,147.22999572753906,2015-09-08,1
0.014806715608519759,145.0500030517578,2015-09-09,0
0.00792825834049811,146.1999969482422,2015-09-10,1
0.008002723620846012,147.3699951171875,2015-09-11,1
0.011671312191707634,145.64999389648438,2015-09-14,0
0.012907689403328418,147.52999877929688,2015-09-15,1
0.00596492164369212,148.41000366210938,2015-09-16,1
0.0018193131581322939,148.13999938964844,2015-09-17,0
0.02450388077337979,144.50999450683594,2015-09-18,0
0.01363228354845682,146.47999572753906,2015-09-21,1
0.01399510589535333,144.42999267578125,2015-09-22,0
0.005331226564556841,143.66000366210938,2015-09-23,0
0.005220659758327808,144.41000366210938,2015-09-24,1
0.006993937270434002,145.4199981689453,2015-09-25,1
0.01994219456058055,142.52000427246094,2015-09-28,0
0.0003508493562926069,142.47000122070312,2015-09-29,0
0.01754755372064046,144.97000122070312,2015-09-30,1
0.009519244472596595,143.58999633789062,2015-10-01,0
0.006894668977039448,144.5800018310547,2015-10-02,1
0.030847913947945133,149.0399932861328,2015-10-05,1
0.001744461342914783,148.77999877929688,2015-10-06,0
0.008804930564201884,150.08999633789062,2015-10-07,1
0.014591261875148557,152.27999877929688,2015-10-08,1
0.0007223575731110235,152.38999938964844,2015-10-09,1
0.008202638001223787,151.13999938964844,2015-10-12,0
0.010056929195442635,149.6199951171875,2015-10-13,0
0.0026065994009889966,150.00999450683594,2015-10-14,1
0.0005333100058945861,150.08999633789062,2015-10-15,1
0.001998821101190712,150.38999938964844,2015-10-16,1
0.007779760447461277,149.22000122070312,2015-10-19,0
0.05749900657328422,140.63999938964844,2015-10-20,0
0.0019908900775882955,140.9199981689453,2015-10-21,1
0.022495019941349163,144.08999633789062,2015-10-22,1
0.004094637746447611,144.67999267578125,2015-10-23,1
0.0070499658923649944,143.66000366210938,2015-10-26,0
0.040373123373987324,137.86000061035156,2015-10-27,0
0.021543603710677157,140.8300018310547,2015-10-28,1
0.0019882040449932053,140.55000305175778,2015-10-29,0
0.0033440143045033546,140.08000183105472,2015-10-30,0
0.0020701976180906552,140.3699951171875,2015-11-02,1
0.01075735426480832,141.8800048828125,2015-11-03,1
0.0017620523780393898,141.6300048828125,2015-11-04,0
0.012285571087876314,139.88999938964844,2015-11-05,0
0.01172349272145178,138.25,2015-11-06,0
0.021265840444167967,135.30999755859378,2015-11-09,0
0.0011824969698935929,135.47000122070312,2015-11-10,1
0.0033217461001500085,135.02000427246094,2015-11-11,0
0.014664575053135308,133.03999328613278,2015-11-12,0
0.009696281954542495,131.75,2015-11-13,0
0.014876711300699931,133.71000671386722,2015-11-16,1
0.0008226804639009432,133.82000732421878,2015-11-17,1
0.014945448292753452,135.82000732421878,2015-11-18,1
0.006773657188437174,136.74000549316406,2015-11-19,1
0.012871101624490747,138.5,2015-11-20,1
0.0002887601886843616,138.46000671386722,2015-11-23,0
0.0010111178886313581,138.60000610351562,2015-11-24,1
0.004329048175275699,138.0,2015-11-25,0
0.003333381984545043,138.46000671386722,2015-11-27,1
0.006933348321020426,139.41999816894528,2015-11-30,1
0.01334098862989292,141.27999877929688,2015-12-01,1
0.011183478515758538,139.69999694824222,2015-12-02,0
0.005583384368905287,138.91999816894528,2015-12-03,0
0.010869525818734769,140.42999267578122,2015-12-04,1
0.006266393718720189,139.55000305175778,2015-12-07,0
0.010748835307754627,138.05000305175778,2015-12-08,0
0.01043102071404037,136.61000061035156,2015-12-09,0
0.0012444050083140908,136.77999877929688,2015-12-10,1
0.01615727061559678,134.57000732421878,2015-12-11,0
0.010106154994001285,135.92999267578122,2015-12-14,1
0.013683518800652158,137.78999328613278,2015-12-15,1
0.010886131599448741,139.28999328613278,2015-12-16,1
0.018235289026937277,136.75,2015-12-17,0
0.013528381012911334,134.89999389648438,2015-12-18,0
0.004447784511955132,135.5,2015-12-21,1
0.01793352528251824,137.92999267578122,2015-12-22,1
0.004422537828921896,138.53999328613278,2015-12-23,1
0.0020932099046218956,138.25,2015-12-24,0
0.004629290341037522,137.61000061035156,2015-12-28,0
0.015769189443503837,139.77999877929688,2015-12-29,1
0.0031478211850680007,139.33999633789062,2015-12-30,0
0.012343916075124844,137.6199951171875,2015-12-31,0
0.012134851243986975,135.94999694824222,2016-01-04,0
0.0007354972193538087,135.85000610351562,2016-01-05,0
0.0050055789769503966,135.16999816894528,2016-01-06,0
0.017089573055305653,132.86000061035156,2016-01-07,0
0.009257833222102435,131.6300048828125,2016-01-08,0
0.012155213745916075,133.22999572753906,2016-01-11,1
0.002476933435692328,132.89999389648438,2016-01-12,0
0.013017274695186083,131.16999816894528,2016-01-13,0
0.013265270393028336,132.91000366210938,2016-01-14,1
0.02166883457571934,130.02999877929688,2016-01-15,0
0.014765809328385619,128.11000061035156,2016-01-19,0
0.04878619912749409,121.86000061035156,2016-01-20,0
0.008616470100925132,122.91000366210938,2016-01-21,1
0.003335803839340139,122.5,2016-01-22,0
0.0034285564811862247,122.08000183105469,2016-01-25,0
0.00417754340749203,122.58999633789062,2016-01-26,1
0.01329633169190464,120.95999908447266,2016-01-27,0
0.010416684406144412,122.22000122070312,2016-01-28,1
0.021027652341316462,124.79000091552734,2016-01-29,1
0.0003205458388803211,124.83000183105469,2016-02-01,1
0.015140586092487468,122.94000244140624,2016-02-02,0
0.014478597234006439,124.72000122070312,2016-02-03,1
0.023492625693539607,127.6500015258789,2016-02-04,1
0.007207252544790267,128.57000732421878,2016-02-05,1
0.012366834228107531,126.9800033569336,2016-02-08,0
0.022917023036528986,124.06999969482422,2016-02-09,0
0.0312726465943551,120.19000244140624,2016-02-10,0
0.019469206421107416,117.8499984741211,2016-02-11,0
0.027068328236820035,121.04000091552734,2016-02-12,1
0.014044918501186932,122.73999786376952,2016-02-16,1
0.02737494434439276,126.0999984741211,2016-02-17,1
0.050356848144009314,132.44999694824222,2016-02-18,1
0.0047565488662010946,133.08000183105472,2016-02-19,1
0.00518486949137693,133.77000427246094,2016-02-22,1
0.010241536459744323,132.39999389648438,2016-02-23,0
0.00302121732411976,132.80000305175778,2016-02-24,1
0.012801181545000833,134.5,2016-02-25,1
0.018364321343517658,132.02999877929688,2016-02-26,0
0.007574036273919941,131.02999877929688,2016-02-29,0
0.025490318011193894,134.3699951171875,2016-03-01,1
0.014363384719089071,136.30000305175778,2016-03-02,1
0.01100513548360229,137.80000305175778,2016-03-03,1
0.0,137.80000305175778,2016-03-04,0
0.017053634199441437,140.14999389648438,2016-03-07,1
0.007705933780227498,139.07000732421878,2016-03-08,0
0.009635408551943312,140.41000366210938,2016-03-09,1
0.0015668486216450566,140.19000244140622,2016-03-10,0
0.015478979464689808,142.36000061035156,2016-03-11,1
0.002950254054120682,142.77999877929688,2016-03-14,1
0.001260736350394294,142.9600067138672,2016-03-15,1
0.012800688908250557,144.7899932861328,2016-03-16,1
0.015539747940685156,147.0399932861328,2016-03-17,1
0.00034006429570837196,147.08999633789062,2016-03-18,1
0.010469838760375074,148.6300048828125,2016-03-21,1
0.003565893573876642,148.10000610351562,2016-03-22,0
0.01823100672355176,145.39999389648438,2016-03-23,0
0.017537848409906083,147.9499969482422,2016-03-24,1
0.0030415475331142545,148.39999389648438,2016-03-28,1
0.006266900086391072,149.3300018310547,2016-03-29,1
0.006160839467384173,148.41000366210938,2016-03-30,0
0.02048374914843395,151.4499969482422,2016-03-31,1
0.007065086469327717,152.52000427246094,2016-04-01,1
0.0029504126385829057,152.07000732421875,2016-04-04,0
0.013612199806142046,150.0,2016-04-05,0
0.00013336181640625,150.02000427246094,2016-04-06,1
0.011798455019680704,148.25,2016-04-07,0
0.007419939989987352,149.35000610351562,2016-04-08,1
0.0006696089683873867,149.25,2016-04-11,0
0.0025460963672529315,149.6300048828125,2016-04-12,1
0.010692981303981419,151.22999572753906,2016-04-13,1
0.0004628186696228406,151.16000366210938,2016-04-14,0
0.00370466753788603,151.72000122070312,2016-04-15,1
0.005338765832300961,152.52999877929688,2016-04-18,1
0.05592341734454052,144.0,2016-04-19,0
0.014652782016330294,146.11000061035156,2016-04-20,1
0.021832882267336363,149.3000030517578,2016-04-21,1
0.0053583592458499515,148.5,2016-04-22,0
0.0020875256470959595,148.80999755859375,2016-04-25,1
0.0018144229345519857,149.0800018310547,2016-04-26,1
0.009323848756211166,150.47000122070312,2016-04-27,1
0.022595825539320664,147.07000732421875,2016-04-28,0
0.007683448878338476,145.94000244140625,2016-04-29,0
0.004590915155111851,145.27000427246094,2016-05-02,0
0.007847452028089112,144.1300048828125,2016-05-03,0
0.0008325477910381269,144.25,2016-05-04,1
0.015389956469345755,146.47000122070312,2016-05-05,1
0.005598361839255477,147.2899932861328,2016-05-06,1
0.00033948709374080903,147.33999633789062,2016-05-09,1
0.017849904629976945,149.97000122070312,2016-05-10,1
0.0068013887054641665,148.9499969482422,2016-05-11,0
0.0007385069661316341,148.83999633789062,2016-05-12,0
0.007524826288257437,147.72000122070312,2016-05-13,0
0.011779078518719906,149.4600067138672,2016-05-16,1
0.009768544415110917,148.0,2016-05-17,0
0.004459484203441723,147.33999633789062,2016-05-18,0
0.016356751201368175,144.92999267578125,2016-05-19,0
0.01600777921384963,147.25,2016-05-20,1
0.0032597332939834464,146.77000427246094,2016-05-23,0
0.010492561431517024,148.30999755859375,2016-05-24,1
0.02279013511194443,151.69000244140625,2016-05-25,1
0.004944294204818836,152.44000244140625,2016-05-26,1
0.0026239431256774065,152.83999633789062,2016-05-27,1
0.00588857090315381,153.74000549316406,2016-05-31,1
0.008000591533625362,152.50999450683594,2016-06-01,0
0.00649141386677899,153.5,2016-06-02,1
0.003973945344309854,152.88999938964844,2016-06-03,0
0.0010465279792538753,152.72999572753906,2016-06-06,0
0.003928541349441266,153.3300018310547,2016-06-07,1
0.004369648215901961,154.0,2016-06-08,1
0.0037662456561992695,153.4199981689453,2016-06-09,0
0.00684397773621112,152.3699951171875,2016-06-10,0
0.00715361536273799,151.27999877929688,2016-06-13,0
0.0014542650877733404,151.05999755859375,2016-06-14,0
0.002515589096743512,150.67999267578125,2016-06-15,0
0.002521933244516132,151.05999755859375,2016-06-16,1
0.00615654673375443,151.99000549316406,2016-06-17,1
0.010658563449162856,153.61000061035156,2016-06-20,1
0.002864412731319258,154.0500030517578,2016-06-21,1
0.007335312303972109,152.9199981689453,2016-06-22,0
0.015890713861280922,155.35000610351562,2016-06-23,1
0.056388860131668564,146.58999633789062,2016-06-24,0
0.0210791760357792,143.5,2016-06-27,0
0.015330989186356708,145.6999969482422,2016-06-28,1
0.01894310105308687,148.4600067138672,2016-06-29,1
0.022362871583512984,151.77999877929688,2016-06-30,1
0.003755483784445123,152.35000610351562,2016-07-01,1
0.004397856257906075,151.67999267578125,2016-07-05,0
0.004549066948342639,152.3699951171875,2016-07-06,1
0.0015095556454617193,152.60000610351562,2016-07-07,1
0.012188732214662155,154.4600067138672,2016-07-08,1
0.0056324943634059365,155.3300018310547,2016-07-11,1
0.011008764790577961,157.0399932861328,2016-07-12,1
0.0062405185190151395,158.02000427246094,2016-07-13,1
0.014301951941092308,160.27999877929688,2016-07-14,1
0.0031195408273523412,159.77999877929688,2016-07-15,0
0.0005006999102884807,159.86000061035156,2016-07-18,1
0.0017515249482536533,159.5800018310547,2016-07-19,0
0.01115427220749964,161.36000061035156,2016-07-20,1
0.005639586382419712,160.4499969482422,2016-07-21,0
0.010096668163223113,162.07000732421875,2016-07-22,1
0.003578617548312749,162.64999389648438,2016-07-25,1
0.003258523204336442,162.1199951171875,2016-07-26,0
0.0017887570618491109,161.8300018310547,2016-07-27,0
0.002842530486698132,161.3699951171875,2016-07-28,0
0.0046477041748396114,160.6199951171875,2016-07-29,0
0.005167487587389867,161.4499969482422,2016-08-01,1
0.005388635079791324,160.5800018310547,2016-08-02,0
0.0005604454904995557,160.6699981689453,2016-08-03,1
0.005477095243924572,161.5500030517578,2016-08-04,1
0.012070547269611888,163.5,2016-08-05,1
0.008929704671970566,162.0399932861328,2016-08-08,0
0.0016661875145546573,161.77000427246094,2016-08-09,0
0.0019162857786146619,162.0800018310547,2016-08-10,1
0.008946180477919804,163.52999877929688,2016-08-11,1
0.009661847017971835,161.9499969482422,2016-08-12,0
0.0004321831846162761,161.8800048828125,2016-08-15,0
0.007289398931168423,160.6999969482422,2016-08-16,0
0.001617887441028862,160.44000244140625,2016-08-17,0
0.0057342193651567785,161.36000061035156,2016-08-18,1
0.008180511398275669,160.0399932861328,2016-08-19,0
0.00024989557492238317,160.0,2016-08-22,0
0.0016249656677246095,160.25999450683594,2016-08-23,1
0.007550177814504495,159.0500030517578,2016-08-24,0
0.0026406674686364974,158.6300048828125,2016-08-25,0
0.0019542176703755375,158.32000732421875,2016-08-26,0
0.008842810963350765,159.72000122070312,2016-08-29,1
0.002003551977041121,159.39999389648438,2016-08-30,0
0.0032621645770548775,158.8800048828125,2016-08-31,0
0.004154005432005808,159.5399932861328,2016-09-01,1
6.274141936967253e-05,159.5500030517578,2016-09-02,1
0.005014121193706857,160.35000610351562,2016-09-06,1
0.008044859601065707,161.63999938964844,2016-09-07,1
0.01633258722851434,159.0,2016-09-08,0
0.020817594708136794,155.69000244140625,2016-09-09,0
0.01669979320415944,158.2899932861328,2016-09-12,1
0.015667419500461407,155.80999755859375,2016-09-13,0
0.011295773919604072,154.0500030517578,2016-09-14,0
0.010451155978300328,155.66000366210938,2016-09-15,1
0.01169219633432255,153.83999633789062,2016-09-16,0
0.00669526003520313,154.8699951171875,2016-09-19,1
0.002711940222039182,154.4499969482422,2016-09-20,0
0.006992566218156724,155.52999877929688,2016-09-21,1
0.0037291958825109535,156.11000061035156,2016-09-22,1
0.0072385169328964185,154.97999572753906,2016-09-23,0
0.006452445654715589,153.97999572753906,2016-09-26,0
0.018119292260915985,156.77000427246094,2016-09-27,1
0.009695662258388318,158.2899932861328,2016-09-28,1
0.0011371071035165587,158.11000061035156,2016-09-29,0
0.004680320601526921,158.85000610351562,2016-09-30,1
0.007806140670564438,157.61000061035156,2016-10-03,0
0.007296452585692365,156.4600067138672,2016-10-04,0
0.003962642787823358,157.0800018310547,2016-10-05,1
0.0012732171244643324,156.8800048828125,2016-10-06,0
0.0077129441369602715,155.6699981689453,2016-10-07,0
0.008672230483683133,157.02000427246094,2016-10-10,1
0.014202082063751651,154.7899932861328,2016-10-11,0
0.00323018296845416,154.2899932861328,2016-10-12,0
0.0036942905582517576,153.72000122070312,2016-10-13,0
0.004748866261658252,154.4499969482422,2016-10-14,1
0.002071915380652211,154.77000427246094,2016-10-17,1
0.0261678809844063,150.72000122070312,2016-10-18,0
0.0035827579734562676,151.25999450683594,2016-10-19,1
0.001718959242810559,151.52000427246094,2016-10-20,1
0.012473596464859318,149.6300048828125,2016-10-21,0
0.006282178779199017,150.57000732421875,2016-10-24,1
0.0020588267484522318,150.8800048828125,2016-10-25,1
0.006163790069489785,151.80999755859375,2016-10-26,1
0.010144315721548454,153.35000610351562,2016-10-27,1
0.004825598067890116,152.61000061035156,2016-10-28,0
0.007076874560876129,153.69000244140625,2016-10-31,1
0.005856003259656155,152.7899932861328,2016-11-01,0
0.005497718272148539,151.9499969482422,2016-11-02,0
0.002764055132481338,152.3699951171875,2016-11-03,1
0.0003937622925537668,152.42999267578125,2016-11-04,1
0.021583734848821562,155.72000122070312,2016-11-07,1
0.0035320000478184497,155.1699981689453,2016-11-08,0
0.0023200400502654036,154.80999755859375,2016-11-09,0
0.03494608712245314,160.22000122070312,2016-11-10,1
0.0065535079500557035,161.27000427246094,2016-11-11,1
0.01897437513193076,158.2100067138672,2016-11-14,0
0.0029074738357735405,158.6699981689453,2016-11-15,1
0.003907450206984654,159.2899932861328,2016-11-16,1
0.003201769019531998,159.8000030517578,2016-11-17,1
0.0036920921565910757,160.38999938964844,2016-11-18,1
0.014838860850859916,162.77000427246094,2016-11-21,1
0.0006144013079229551,162.6699981689453,2016-11-22,0
0.004241731414354781,161.97999572753906,2016-11-23,0
0.007161400745191875,163.13999938964844,2016-11-25,1
0.008459022238417786,164.52000427246094,2016-11-28,1
0.006017538703223702,163.52999877929688,2016-11-29,0
0.008010747681602731,162.22000122070312,2016-11-30,0
0.014794685479129923,159.82000732421875,2016-12-01,0
0.0012513886814963274,160.02000427246094,2016-12-02,1
0.0011249089474077176,159.83999633789062,2016-12-05,0
0.003190751860046811,160.35000610351562,2016-12-06,1
0.027689348385499326,164.7899932861328,2016-12-07,1
0.003458992338381972,165.36000061035156,2016-12-08,1
0.007015019701425658,166.52000427246094,2016-12-09,1
0.006125415843684468,165.5,2016-12-12,0
0.016857965475122735,168.2899932861328,2016-12-13,1
0.001307274523025685,168.50999450683594,2016-12-14,1
0.0029077814393681117,168.02000427246094,2016-12-15,0
0.00767770808308039,166.72999572753906,2016-12-16,0
0.0002999043545801124,166.67999267578125,2016-12-19,0
0.005519639237829495,167.60000610351562,2016-12-20,1
0.0016110039536285782,167.3300018310547,2016-12-21,0
0.001613603475206725,167.05999755859375,2016-12-22,0
0.002095000896931107,166.7100067138672,2016-12-23,0
0.0025792853365981094,167.13999938964844,2016-12-27,1
0.005683839605787531,166.19000244140625,2016-12-28,0
0.002467077778965256,166.60000610351562,2016-12-29,1
0.0036614681152685154,165.99000549316406,2016-12-30,0
0.007229332541299342,167.19000244140625,2017-01-03,1
0.012381075633724816,169.25999450683594,2017-01-04,1
0.003308505120925862,168.6999969482422,2017-01-05,0
0.0049199872321831475,169.52999877929688,2017-01-06,1
0.01108951156933582,167.64999389648438,2017-01-09,0
0.012704978834288543,165.52000427246094,2017-01-10,0
0.013472665961682114,167.75,2017-01-11,1
0.0011922321802812965,167.9499969482422,2017-01-12,1
0.003632037043379934,167.33999633789062,2017-01-13,0
0.003286739953353733,167.88999938964844,2017-01-17,1
0.006492324390096047,166.8000030517578,2017-01-18,0
5.9919104634765614e-05,166.80999755859375,2017-01-19,1
0.02242075144117394,170.5500030517578,2017-01-20,1
0.0028143988211679796,171.02999877929688,2017-01-23,1
0.02847450828478291,175.89999389648438,2017-01-24,1
0.013587262493340002,178.2899932861328,2017-01-25,1
0.0020753289018455613,178.66000366210938,2017-01-26,1
0.0076122275969705165,177.3000030517578,2017-01-27,0
0.00846023674101188,175.8000030517578,2017-01-30,0
0.00728099406755998,174.52000427246094,2017-01-31,0
0.0013179634465802065,174.2899932861328,2017-02-01,0
0.0016639426019471263,174.5800018310547,2017-02-02,1
0.007102792302431328,175.82000732421875,2017-02-03,1
0.00022746720775106879,175.86000061035156,2017-02-06,1
0.014784522316000618,178.4600067138672,2017-02-07,1
0.012832054571159726,176.1699981689453,2017-02-08,0
0.0059034373374092725,177.2100067138672,2017-02-09,1
0.00829516340060627,178.67999267578125,2017-02-10,1
0.0038057307054192783,179.36000061035156,2017-02-13,1
0.004293065732831502,180.1300048828125,2017-02-14,1
0.008604828462515883,181.67999267578125,2017-02-15,1
0.0013760458502777456,181.42999267578125,2017-02-16,0
0.004188913286206552,180.6699981689453,2017-02-17,0
0.0022693511167579156,180.25999450683597,2017-02-21,0
0.004937309534948899,181.1499938964844,2017-02-22,1
0.0027601436204613837,181.6499938964844,2017-02-23,1
0.001651460517745785,181.3500061035156,2017-02-24,0
0.010752755122148403,179.39999389648438,2017-02-27,0
0.002341212051415827,179.82000732421875,2017-02-28,1
0.011845120327367285,181.9499969482422,2017-03-01,1
0.007804331919550664,180.52999877929688,2017-03-02,0
0.002658814218050658,180.0500030517578,2017-03-03,0
0.0023326751559375335,180.47000122070312,2017-03-06,1
0.0004986775490767871,180.3800048828125,2017-03-07,0
0.005155826086014971,179.4499969482422,2017-03-08,0
0.012649787188994285,177.17999267578125,2017-03-09,0
0.003668637442958238,177.8300018310547,2017-03-10,1
0.00770395941675268,176.4600067138672,2017-03-13,0
0.004193615918670986,175.72000122070312,2017-03-14,0
0.0005121576215879387,175.80999755859375,2017-03-15,1
0.008133826030534589,177.24000549316406,2017-03-16,1
0.008970952084184022,175.64999389648438,2017-03-17,0
0.0002846743723047366,175.6999969482422,2017-03-20,1
0.01035852075720765,173.8800048828125,2017-03-21,0
0.005175948189620373,174.77999877929688,2017-03-22,1
0.00022890802838599237,174.82000732421875,2017-03-23,1
0.005662998808414486,173.8300018310547,2017-03-24,0
0.0003451507677717314,173.77000427246094,2017-03-27,0
0.0042584463151346865,174.50999450683594,2017-03-28,1
0.0032662430999466892,173.94000244140625,2017-03-29,0
0.0004599392315269,173.86000061035156,2017-03-30,0
0.0016104841729777607,174.13999938964844,2017-03-31,1
0.002067305682860605,174.5,2017-04-03,1
0.00011463766453259312,174.52000427246094,2017-04-04,1
0.009397200031510814,172.8800048828125,2017-04-05,0
0.002487320236147583,172.4499969482422,2017-04-06,0
0.0017976083739032495,172.13999938964844,2017-04-07,0
0.005460685748455839,171.1999969482422,2017-04-10,0
0.0036214668705568916,170.5800018310547,2017-04-11,0
0.0004689988873017053,170.66000366210938,2017-04-12,1
0.006621380865840145,169.52999877929688,2017-04-13,0
0.009260941045971862,171.10000610351562,2017-04-17,1
0.006136779744604801,170.0500030517578,2017-04-18,0
0.04916201388015879,161.69000244140625,2017-04-19,0
0.003772655087766583,162.3000030517578,2017-04-20,1
0.011829933042780173,160.3800048828125,2017-04-21,0
0.0023069903100317924,160.75,2017-04-24,1
0.0022395061297142303,160.38999938964844,2017-04-25,0
0.0020574963046978215,160.05999755859375,2017-04-26,0
0.001624451890484487,160.32000732421875,2017-04-27,1
0.00018721330286144159,160.2899932861328,2017-04-28,0
0.009046085276538789,158.83999633789062,2017-05-01,0
0.0016369288064694808,159.10000610351562,2017-05-02,1
0.0029541244668295423,158.6300048828125,2017-05-03,0
0.0026476590557731185,159.0500030517578,2017-05-04,1
0.02514932362936407,155.0500030517578,2017-05-05,0
0.01302808276492992,153.02999877929688,2017-05-08,0
0.006011881175482158,152.11000061035156,2017-05-09,0
0.005653807158640145,151.25,2017-05-10,0
0.003966982502582645,150.64999389648438,2017-05-11,0
0.0018586046507859113,150.3699951171875,2017-05-12,0
0.007581295648510226,151.50999450683594,2017-05-15,1
0.014322475398462278,153.67999267578125,2017-05-16,1
0.017894326724765507,150.92999267578125,2017-05-17,0
0.000993797811986799,150.77999877929688,2017-05-18,0
0.007958595025582101,151.97999572753906,2017-05-19,1
0.004342700886059974,152.63999938964844,2017-05-22,1
0.003996335251511609,152.02999877929688,2017-05-23,0
0.0031572435137349176,152.50999450683594,2017-05-24,1
0.004524309660081472,153.1999969482422,2017-05-25,1
0.004634409068023623,152.49000549316406,2017-05-26,0
0.0049839972342257555,151.72999572753906,2017-05-30,0
0.005931649513057262,152.6300048828125,2017-05-31,1
0.0002620276803602206,152.6699981689453,2017-06-01,1
0.004061014767953364,152.0500030517578,2017-06-02,0
0.0023676461895828986,152.41000366210938,2017-06-05,1
0.00026250602952922517,152.3699951171875,2017-06-06,0
0.009122526968511034,150.97999572753906,2017-06-07,0
0.007418270020339326,152.10000610351562,2017-06-08,1
0.013149243390817801,154.10000610351562,2017-06-09,1
0.0070083486663858495,155.17999267578125,2017-06-12,1
0.0059929934248952495,154.25,2017-06-13,0
0.002852527983184765,153.80999755859375,2017-06-14,0
0.002665650273826866,154.22000122070312,2017-06-15,1
0.007521745901488499,155.3800048828125,2017-06-16,1
0.0034754056374830798,154.83999633789062,2017-06-19,0
0.0007104147052000701,154.9499969482422,2017-06-20,1
0.007486309680256722,153.7899932861328,2017-06-21,0
0.003966451895323453,154.39999389648438,2017-06-22,1
0.001878194932619201,154.11000061035156,2017-06-23,0
0.007267504462732901,155.22999572753906,2017-06-26,1
0.003092158350513356,154.75,2017-06-27,0
0.003683407587843296,155.32000732421875,2017-06-28,1
0.007661617211504568,154.1300048828125,2017-06-29,0
0.0019464286138569165,153.8300018310547,2017-06-30,0
0.011376194365010505,155.5800018310547,2017-07-03,1
0.012276665635879475,153.6699981689453,2017-07-05,0
0.008524745065419564,152.36000061035156,2017-07-06,0
0.0038067854340457473,152.94000244140625,2017-07-07,1
0.003138457695022965,153.4199981689453,2017-07-10,1
0.0014991248226048888,153.19000244140625,2017-07-11,0
0.003329163122319328,153.6999969482422,2017-07-12,1
0.0004553810463201052,153.6300048828125,2017-07-13,0
0.003970582509691809,154.24000549316406,2017-07-14,1
0.007974656007015244,153.00999450683594,2017-07-17,0
0.006470201481641335,154.0,2017-07-18,1
0.042012994939630684,147.52999877929688,2017-07-19,0
0.0008812098141950489,147.66000366210938,2017-07-20,1
0.003927954873832366,147.0800018310547,2017-07-21,0
0.007410907834653572,145.99000549316406,2017-07-24,0
0.0013699358909302342,146.19000244140625,2017-07-25,1
0.005677555353946702,145.36000061035156,2017-07-26,0
0.001995000584171442,145.07000732421875,2017-07-27,0
0.0053768111856689615,144.2899932861328,2017-07-28,0
0.002633619103848284,144.6699981689453,2017-07-31,1
0.004354772176583438,145.3000030517578,2017-08-01,1
0.005850007471870743,144.4499969482422,2017-08-02,0
0.0033922153237541165,144.94000244140625,2017-08-03,1
0.001517877859785901,145.16000366210938,2017-08-04,1
0.011642342234573708,143.47000122070312,2017-08-07,0
0.009479337832160767,142.11000061035156,2017-08-08,0
0.002392487062348651,141.77000427246094,2017-08-09,0
0.000493701511746964,141.83999633789062,2017-08-10,1
0.0,141.83999633789062,2017-08-11,0
0.0033841722978097443,142.32000732421875,2017-08-14,1
0.001756604743776297,142.07000732421875,2017-08-15,0
0.0030266252805911478,142.5,2017-08-16,1
0.01263160036321252,140.69999694824222,2017-08-17,0
0.007107320694312873,139.69999694824222,2017-08-18,0
0.004509698615425969,140.33000183105472,2017-08-21,1
0.004845668544919386,141.00999450683594,2017-08-22,1
0.008013650995197501,142.13999938964844,2017-08-23,1
0.005628275328500346,142.94000244140625,2017-08-24,1
0.00559677513707717,143.74000549316406,2017-08-25,1
0.008557193121761926,142.50999450683594,2017-08-28,0
0.004420776837390727,143.13999938964844,2017-08-29,1
0.004051989894703269,142.55999755859375,2017-08-30,0
0.0032968660827168523,143.02999877929688,2017-08-31,1
0.007341138647270946,144.0800018310547,2017-09-01,1
0.007218271319439377,143.0399932861328,2017-09-05,0
0.005453118531162269,143.82000732421875,2017-09-06,1
0.006396978034219918,142.89999389648438,2017-09-07,0
0.0031490340620179574,142.4499969482422,2017-09-08,0
0.01691824298869607,144.86000061035156,2017-09-11,1
0.006212853049098098,145.75999450683594,2017-09-12,1
0.0015780117658918944,145.99000549316406,2017-09-13,1
0.003082486403854007,145.5399932861328,2017-09-14,0
0.004946997355555488,144.82000732421875,2017-09-15,0
0.0018644127800412267,144.5500030517578,2017-09-18,0
0.0011069087425206337,144.38999938964844,2017-09-19,0
0.010319312275520956,145.8800048828125,2017-09-20,1
0.004250139534027475,145.25999450683594,2017-09-21,0
0.0008948755950649591,145.1300048828125,2017-09-22,0
0.005098809408657546,145.8699951171875,2017-09-25,1
0.004730256149332994,146.55999755859375,2017-09-26,1
0.006140788151450147,145.66000366210938,2017-09-27,0
0.0,145.66000366210938,2017-09-28,0
0.003981888071348193,145.0800018310547,2017-09-29,0
0.010890555632158013,146.66000366210938,2017-10-02,1
0.0008181856961081037,146.77999877929688,2017-10-03,1
0.002043895995726957,146.47999572753906,2017-10-04,0
0.0016384864839188423,146.72000122070312,2017-10-05,1
0.0016358062375083746,146.47999572753906,2017-10-06,0
0.006212477393855421,147.38999938964844,2017-10-09,1
0.00753104426995147,148.5,2017-10-10,1
0.005925958806818182,147.6199951171875,2017-10-11,0
0.00399672373259638,147.02999877929688,2017-10-12,0
0.000476143132693868,147.10000610351562,2017-10-13,1
0.0018355150323442748,146.8300018310547,2017-10-16,0
0.0019751313853115945,146.5399932861328,2017-10-17,0
0.0886447801850235,159.52999877929688,2017-10-18,1
0.008587695904660736,160.89999389648438,2017-10-19,1
0.007271680995134826,162.07000732421875,2017-10-20,1
0.015548862581462743,159.5500030517578,2017-10-23,0
0.023002181753357723,155.8800048828125,2017-10-24,0
0.015268185836931045,153.5,2017-10-25,0
0.0006515055603623778,153.60000610351562,2017-10-26,1
0.0005207458924950801,153.67999267578125,2017-10-27,1
0.004424830602412414,154.36000061035156,2017-10-30,1
0.0019435284437132475,154.05999755859375,2017-10-31,0
0.0001947214057657345,154.02999877929688,2017-11-01,0
0.0044146768887246635,153.35000610351562,2017-11-02,0
0.011542251072791833,151.5800018310547,2017-11-03,0
0.004881946722687367,150.83999633789062,2017-11-06,0
0.0033811308539317885,151.35000610351562,2017-11-07,1
0.0014535924138163263,151.57000732421875,2017-11-08,1
0.008378994597158726,150.3000030517578,2017-11-09,0
0.007584826124427047,149.16000366210938,2017-11-10,0
0.005095265131171774,148.39999389648438,2017-11-13,0
0.003301923944187378,148.88999938964844,2017-11-14,1
0.012022253297539214,147.10000610351562,2017-11-15,0
0.013732079740706402,149.1199951171875,2017-11-16,1
0.0010058603902615524,148.97000122070312,2017-11-17,0
0.01033760672292182,150.50999450683594,2017-11-20,1
0.009567487170035392,151.9499969482422,2017-11-21,1
0.001184552019718433,151.77000427246094,2017-11-22,0
0.0004611719276493935,151.83999633789062,2017-11-24,1
0.0009220191848325382,151.97999572753906,2017-11-27,1
0.0032241446699506162,152.47000122070312,2017-11-28,1
0.00708337261368133,153.5500030517578,2017-11-29,1
0.0027352534066947677,153.97000122070312,2017-11-30,1
0.005130826004218985,154.75999450683594,2017-12-01,1
0.010984829848621883,156.4600067138672,2017-12-04,1
0.007094468635563353,155.35000610351562,2017-12-05,0
0.008046346642349517,154.10000610351562,2017-12-06,0
0.0034393170558400365,153.57000732421875,2017-12-07,0
0.008074429740418769,154.80999755859375,2017-12-08,1
0.0038757581097986246,155.41000366210938,2017-12-11,1
0.00855801943063049,156.74000549316406,2017-12-12,1
0.01805538938288549,153.91000366210938,2017-12-13,0
0.0005847335179602814,154.0,2017-12-14,1
0.00974025974025974,152.5,2017-12-15,0
0.0054426349577356556,153.3300018310547,2017-12-18,1
0.0006522278896586452,153.22999572753906,2017-12-19,0
0.0018273104947072226,152.9499969482422,2017-12-20,0
0.0094802025313728,151.5,2017-12-21,0
0.006600660066006601,152.5,2017-12-22,1
0.0021639464331454916,152.8300018310547,2017-12-26,1
0.0019629853311750245,153.1300048828125,2017-12-27,1
0.005942587176280112,154.0399932861328,2017-12-28,1
0.004024897067061311,153.4199981689453,2017-12-29,0
0.00540999765976202,154.25,2018-01-02,1
0.02748788002051256,158.49000549316406,2018-01-03,1
0.020253589146456162,161.6999969482422,2018-01-04,1
0.004885643536374,162.49000549316406,2018-01-05,1
0.006031113880295184,163.47000122070312,2018-01-08,1
0.002202242660202349,163.8300018310547,2018-01-09,1
0.0021363049552271945,164.17999267578125,2018-01-10,1
0.00012184354582376832,164.1999969482422,2018-01-11,1
0.006455527273413251,163.13999938964844,2018-01-12,0
0.004352131399555705,163.85000610351562,2018-01-16,1
0.029295011377273056,168.64999389648438,2018-01-17,1
0.0027868439828797557,169.1199951171875,2018-01-18,1
0.039912489326426215,162.3699951171875,2018-01-19,0
0.0014165855345510043,162.60000610351562,2018-01-22,1
0.022447686097629597,166.25,2018-01-23,1
0.005293262453007519,165.3699951171875,2018-01-24,0
0.0006047415278978321,165.47000122070312,2018-01-25,1
0.011301112608884974,167.33999633789062,2018-01-26,1
0.0032269230187053754,166.8000030517578,2018-01-29,0
0.019064795421997446,163.6199951171875,2018-01-30,0
0.0004889489881562995,163.6999969482422,2018-01-31,1
0.00794137492970657,162.39999389648438,2018-02-01,0
0.02075120224041125,159.02999877929688,2018-02-02,0
0.0408727916109762,152.52999877929688,2018-02-05,0
0.01842258953046786,155.33999633789062,2018-02-06,1
0.009591800370163654,153.85000610351562,2018-02-07,0
0.040689044636196166,147.58999633789062,2018-02-08,0
0.013008999367068846,149.50999450683594,2018-02-09,1
0.012641291278771484,151.39999389648438,2018-02-12,1
0.004293222739023297,150.75,2018-02-13,0
0.026600295236059286,154.75999450683594,2018-02-14,1
0.008077022773122326,156.00999450683594,2018-02-15,1
0.0010896620404525663,156.17999267578125,2018-02-16,1
0.0065308558170399005,155.16000366210938,2018-02-20,0
0.007733932198502719,153.9600067138672,2018-02-21,0
0.0050663419334319995,153.17999267578125,2018-02-22,0
0.015276222147578537,155.52000427246094,2018-02-23,1
0.019675909687044718,158.5800018310547,2018-02-26,1
0.01280110200439751,156.5500030517578,2018-02-27,0
0.0045991773022519946,155.8300018310547,2018-02-28,0
0.012962871390138042,153.80999755859375,2018-03-01,0
0.004421090601157212,154.49000549316406,2018-03-02,1
0.015923304858623852,156.9499969482422,2018-03-05,1
0.007836863660116421,155.72000122070312,2018-03-06,0
0.016696674050436313,158.32000732421875,2018-03-07,1
0.013327441338671468,156.2100067138672,2018-03-08,0
0.019845020878879252,159.30999755859375,2018-03-09,1
0.0059631973058864775,160.25999450683594,2018-03-12,1
0.005865388835871276,159.32000732421875,2018-03-13,0
0.007532087320264843,158.1199951171875,2018-03-14,0
0.009423257900177485,159.61000061035156,2018-03-15,1
0.004072388283934506,160.25999450683594,2018-03-16,1
0.018157921521681983,157.35000610351562,2018-03-19,0
0.007308605723960904,156.1999969482422,2018-03-20,0
0.0031370390700227015,156.69000244140625,2018-03-21,1
0.029357368254785646,152.08999633789062,2018-03-22,0
0.021040154022575665,148.88999938964844,2018-03-23,0
0.03008929911951181,153.3699951171875,2018-03-26,1
0.009519407325810823,151.91000366210938,2018-03-27,0
0.004015539435496135,152.52000427246094,2018-03-28,1
0.005966354431086391,153.42999267578125,2018-03-29,1
0.021899143009558846,150.07000732421875,2018-04-02,0
0.0014659906041573209,149.85000610351562,2018-04-03,0
0.028495087352363457,154.1199951171875,2018-04-04,1
0.0005839368073052098,154.02999877929688,2018-04-05,0
0.022463101230272692,150.57000732421875,2018-04-06,0
0.01407979686567037,152.69000244140625,2018-04-09,1
0.017682866625654114,155.38999938964844,2018-04-10,1
0.00019305476166230952,155.36000061035156,2018-04-11,0
0.0174434005099162,158.07000732421875,2018-04-12,1
0.008603786596669497,156.7100067138672,2018-04-13,0
0.0075297851140786985,157.88999938964844,2018-04-16,1
0.01912726761755206,160.91000366210938,2018-04-17,1
0.07532167112137446,148.7899932861328,2018-04-18,0
0.007325736857817389,147.6999969482422,2018-04-19,0
0.018957367025125967,144.89999389648438,2018-04-20,0
0.006625305412731833,145.86000061035156,2018-04-23,1
0.0020567876765559367,145.55999755859375,2018-04-24,0
0.002610640898503263,145.94000244140625,2018-04-25,1
0.005344653736113499,146.72000122070312,2018-04-26,1
0.0016358062375083746,146.47999572753906,2018-04-27,0
0.010376768555476607,144.9600067138672,2018-04-30,0
0.00027589186175849324,145.0,2018-05-01,1
0.017586227943157326,142.4499969482422,2018-05-02,0
0.003229143312970785,141.99000549316406,2018-05-03,0
0.013522065600861945,143.91000366210938,2018-05-04,1
0.004794680174050495,143.22000122070312,2018-05-07,0
0.0015361068204719633,143.0,2018-05-08,0
0.0027272684590799825,142.61000061035156,2018-05-09,0
0.01142980769817193,144.24000549316406,2018-05-10,1
0.0006933312514354041,144.13999938964844,2018-05-11,0
0.0011100573247322064,144.3000030517578,2018-05-14,1
0.003880786879768041,143.74000549316406,2018-05-15,0
0.006191730594380447,144.6300048828125,2018-05-16,1
0.0008988790598315847,144.5,2018-05-17,0
0.0029065617228049307,144.0800018310547,2018-05-18,0
0.009786255165118036,145.49000549316406,2018-05-21,1
0.0027493926742083474,145.08999633789062,2018-05-22,0
0.0028947424326016672,144.6699981689453,2018-05-23,0
0.004147306644919526,144.07000732421875,2018-05-24,0
0.002984715157281917,143.63999938964844,2018-05-25,0
0.016847662066473888,141.22000122070312,2018-05-29,0
0.009913566664656941,142.6199951171875,2018-05-30,1
0.009185230707078315,141.30999755859375,2018-05-31,0
0.004529045366256296,141.9499969482422,2018-06-01,1
0.007678734493302311,143.0399932861328,2018-06-04,1
0.004614119778299513,143.6999969482422,2018-06-05,1
0.007028599770873933,144.7100067138672,2018-06-06,1
0.004491699718939255,145.36000061035156,2018-06-07,1
0.0053659794718061435,146.13999938964844,2018-06-08,1
0.0030108282690838495,146.5800018310547,2018-06-11,1
0.001978395978375367,146.8699951171875,2018-06-12,1
0.0035404713757699524,146.35000610351562,2018-06-13,0
0.00785793718696546,145.1999969482422,2018-06-14,0
0.0013085567864989558,145.38999938964844,2018-06-15,1
0.0062590526578829185,144.47999572753906,2018-06-18,0
0.004014409248381051,143.89999389648438,2018-06-19,0
0.008825497342171201,142.6300048828125,2018-06-20,0
0.009675417763228278,141.25,2018-06-21,0
0.00021238073838495574,141.27999877929688,2018-06-22,1
0.01762461434511971,138.78999328613278,2018-06-25,0
0.002089549383607529,139.08000183105472,2018-06-26,1
0.01150421399518844,137.47999572753906,2018-06-27,0
0.01862087313173316,140.03999328613278,2018-06-28,1
0.0024278517151588275,139.69999694824222,2018-06-29,0
0.001145337620648816,139.86000061035156,2018-07-02,1
0.0020734540602548846,139.57000732421878,2018-07-03,0
0.01332654047399852,141.42999267578125,2018-07-05,1
0.007424189394995402,142.47999572753906,2018-07-06,1
0.013405416334808342,144.38999938964844,2018-07-09,1
0.002216270694448745,144.7100067138672,2018-07-10,1
0.0015893560698523733,144.94000244140625,2018-07-11,1
0.010418065967995075,146.4499969482422,2018-07-12,1
0.0037555688850727156,145.89999389648438,2018-07-13,0
0.003015676497761591,145.4600067138672,2018-07-16,0
0.01354324989533579,143.49000549316406,2018-07-17,0
0.007178191789434036,144.52000427246094,2018-07-18,1
0.03265984694966236,149.24000549316406,2018-07-19,1
0.01936477675740111,146.35000610351562,2018-07-20,0
0.004441469956712376,145.6999969482422,2018-07-23,0
0.004667178783894384,146.3800048828125,2018-07-24,1
0.0016395014781365057,146.6199951171875,2018-07-25,1
0.0006139107875958175,146.7100067138672,2018-07-26,1
0.010633308881413598,145.14999389648438,2018-07-27,0
0.0023424844021844825,145.49000549316406,2018-07-30,1
0.0038491497438916866,144.92999267578125,2018-07-31,0
0.009866782226231432,143.5,2018-08-01,0
0.003763019415559669,142.9600067138672,2018-08-02,0
0.03315605772082843,147.6999969482422,2018-08-03,1
0.011306690612394001,146.02999877929688,2018-08-06,0
0.006710920603513691,147.00999450683594,2018-08-07,1
0.0008162378183200344,146.88999938964844,2018-08-08,0
0.014432535407423381,144.77000427246094,2018-08-09,0
0.0020032364188929037,144.47999572753906,2018-08-10,0
0.012250754886577704,142.7100067138672,2018-08-13,0
0.004554648349135105,143.36000061035156,2018-08-14,1
0.0038365168067535467,143.91000366210938,2018-08-15,1
0.009936714887026011,145.33999633789062,2018-08-16,1
0.004953909720963838,146.05999755859375,2018-08-17,1
0.0030809048046277405,146.50999450683594,2018-08-20,1
0.0036857095514232457,145.97000122070312,2018-08-21,0
0.005000998297145497,145.24000549316406,2018-08-22,0
0.0008949987545239776,145.3699951171875,2018-08-23,1
0.004608916498932294,146.0399932861328,2018-08-24,1
0.004450898282362212,146.69000244140625,2018-08-27,1
0.0006817513249109896,146.58999633789062,2018-08-28,0
0.006480639688757752,147.5399932861328,2018-08-29,1
0.01091229960427879,145.92999267578125,2018-08-30,0
0.003768951410693052,146.47999572753906,2018-08-31,1
0.005461517443281898,145.67999267578125,2018-09-04,0
0.0067271487891215976,146.66000366210938,2018-09-05,1
0.0018410218581679674,146.38999938964844,2018-09-06,0
0.006421220338311715,145.4499969482422,2018-09-07,0
0.0013750220174521945,145.64999389648438,2018-09-10,1
0.0057673301193318025,146.49000549316406,2018-09-11,1
0.0005461248416597321,146.57000732421875,2018-09-12,1
0.016237903425622438,148.9499969482422,2018-09-13,1
0.004162437931455203,148.3300018310547,2018-09-14,0
0.0026292684206438567,147.94000244140625,2018-09-17,0
0.004190855123400839,148.55999755859375,2018-09-18,1
0.003365643566349645,149.05999755859375,2018-09-19,1
0.014021175178599287,151.14999389648438,2018-09-20,1
0.0013232696996880403,151.35000610351562,2018-09-21,1
0.008721554482897957,150.02999877929688,2018-09-24,0
0.007465141147105387,148.91000366210938,2018-09-25,0
0.01813173649749369,151.61000061035156,2018-09-26,1
0.0007255498312032321,151.5,2018-09-27,0
0.0019141471031868813,151.2100067138672,2018-09-28,0
0.011837796486048668,153.0,2018-10-01,1
0.004901960784313725,153.75,2018-10-02,1
0.003447146532012195,153.22000122070312,2018-10-03,0
0.012465759345336011,151.30999755859375,2018-10-04,0
0.015068394792709987,149.02999877929688,2018-10-05,0
0.0042944333012860875,148.38999938964844,2018-10-08,0
0.007749807272824867,147.24000549316406,2018-10-09,0
0.030901948397231323,142.69000244140625,2018-10-10,0
0.025720079235770903,139.02000427246094,2018-10-11,0
0.013163586353141844,140.85000610351562,2018-10-12,1
0.0019879216696028685,141.1300048828125,2018-10-15,1
0.028271735962087537,145.1199951171875,2018-10-16,1
0.07628164579588402,134.05000305175778,2018-10-17,0
0.02610965998000479,130.55000305175778,2018-10-18,0
0.011106831975080798,129.10000610351562,2018-10-19,0
0.007126244194036946,130.02000427246094,2018-10-22,1
0.009152456562857755,131.21000671386722,2018-10-23,1
0.03048553787606666,127.20999908447266,2018-10-24,0
0.005974389919818975,126.4499969482422,2018-10-25,0
0.01312768740828296,124.79000091552734,2018-10-26,0
0.041269344403363196,119.63999938964844,2018-10-29,0
0.03543963461551461,115.4000015258789,2018-10-30,0
0.00025995475650100107,115.43000030517578,2018-10-31,1
0.012128575952330925,116.83000183105469,2018-11-01,1
0.009928987793621976,115.66999816894531,2018-11-02,0
0.03795279207350298,120.05999755859376,2018-11-05,1
0.02548730010172526,123.12000274658205,2018-11-06,1
0.013970058097292631,124.83999633789062,2018-11-07,1
0.011694962570497456,123.37999725341795,2018-11-08,0
0.0012968363241307875,123.54000091552734,2018-11-09,1
0.02136959179281198,120.9000015258789,2018-11-12,0
0.0004963208207688651,120.83999633789062,2018-11-13,0
0.005296254626314854,120.1999969482422,2018-11-14,0
0.010316185729172499,121.44000244140624,2018-11-15,1
0.0010704648452284536,121.56999969482422,2018-11-16,1
0.01036441670966047,120.30999755859376,2018-11-19,0
0.025849893387595822,117.1999969482422,2018-11-20,0
0.011689443534602112,118.56999969482422,2018-11-21,1
0.011638671307833547,117.19000244140624,2018-11-23,0
0.020223526476778605,119.55999755859376,2018-11-26,1
0.0039310909192079345,120.02999877929688,2018-11-27,1
0.02474382446811621,123.0,2018-11-28,1
0.012357696285092734,121.4800033569336,2018-11-29,0
0.02296668759495528,124.2699966430664,2018-11-30,1
0.008368881818790846,125.30999755859376,2018-12-03,1
0.029606568963006404,121.5999984741211,2018-12-04,0
0.018996753429070944,123.91000366210938,2018-12-06,1
0.03688166563759226,119.33999633789062,2018-12-07,0
0.014999170189843567,121.12999725341795,2018-12-10,1
0.001981324768524627,120.88999938964844,2018-12-11,0
0.0022334707074542133,121.16000366210938,2018-12-12,1
0.0035490284927273915,120.7300033569336,2018-12-13,0
0.006874859670141971,119.9000015258789,2018-12-14,0
0.03169310261382799,116.0999984741211,2018-12-17,0
0.004737321782828526,116.6500015258789,2018-12-18,1
0.001885994151953076,116.43000030517578,2018-12-19,0
0.02928801557306005,113.0199966430664,2018-12-20,0
0.018403771575300033,110.94000244140624,2018-12-21,0
0.030376804330447968,107.56999969482422,2018-12-24,0
0.03551175704807611,111.38999938964844,2018-12-26,1
0.021456139714015852,113.77999877929688,2018-12-27,1
0.006591668202201353,113.02999877929688,2018-12-28,0
0.005662208232861301,113.66999816894531,2018-12-31,1
